model,MAE,RMSE,R2
Tuned Random Forest,29.87410046654036,39.34096936470646,0.6409165083994306
Tuned XGBoost,29.742549896240234,39.4473355900782,0.6389721632003784
Tuned Gradient Boosting,29.906223149281107,39.47625541633101,0.6384426235165215
Tuned KNN,30.362260442260446,40.10544540703608,0.6268254534339114
