model,MAE,RMSE,R2
Gradient Boosting,29.884284466689365,39.497392544336165,0.6380553359961605
Random Forest,29.899274530850047,39.53927304714093,0.6372873632237948
Decision Tree,31.81279992577194,41.871832147828606,0.593229682348634
