model,MAE,RMSE,R2
Ridge Regression,31.031853357262577,39.66669845885596,0.6349457277071883
Regressão Linear,31.031876274220377,39.66672022287571,0.6349453271167242
DummyRegressor - mediana,55.127518427518424,65.69905889026371,-0.0014369764467454527
DummyRegressor - média,55.363284140368854,65.71544508456086,-0.0019365813893532646
